Character,x,Cluster
1,-2.0704522109692793,7
1,4.4992773147114455,6
1,4.8956555330507205,0
1,4.9398837528376625,0
1,-1.6983106769405787,1
1,-1.196776598732896,5
1,-1.4193962384005194,5
1,-3.1151771695775903,2
1,-0.35566270307107606,4
1,-4.479041002907888,3
