Character,x,y,Cluster
0,-32.67602890855714,31.40547030577648,1
1,35.65585934844904,41.58528348043133,0
2,49.86237100858614,21.24155472221697,0
3,59.33431735423719,43.33353641058568,0
4,-16.93274130428038,48.31712378094665,2
5,-1.322037472375767,31.231300200316813,2
6,-17.603413008534957,13.777948072338111,4
7,-39.287755129320665,55.51691076224407,2
8,-6.222409598064271,-50.0,3
9,-55.27182252103017,34.70305590720221,1
