Character,x,y,Cluster
0,-2.505879611365343,0.8096153348975178,4
1,4.226943207509055,1.0084821202341818,0
2,4.890969677227137,0.053182372998501426,0
3,5.216903715863637,1.0114961995690743,0
4,-1.5770505234037642,1.0582296807988758,4
5,-0.8826093518736519,0.3918794638027737,2
6,-1.4193962384005194,-0.4594102452716156,2
7,-3.1151771695775903,1.911332762028674,4
8,-0.35566270307107606,-6.439189307873357,3
9,-4.479041002907888,0.6543816188153715,1
